"file","doc_id","title","audience","category","language","source_url","retrieved_at","document_version","bytes","status","notes"
"return-refund-evidence-guide.md","shopee-return-refund-evidence-guide","[Trả hàng/Hoàn tiền] Hướng dẫn chuẩn bị bằng chứng khi yêu cầu Trả hàng/Hoàn tiền","buyer","return-refund-evidence","vi","https://help.shopee.vn/portal/4/article/79467-%5BTr%E1%BA%A3-h%C3%A0ng%2FHo%C3%A0n-ti%E1%BB%81n%5D-H%C6%B0%E1%BB%9Bng-d%E1%BA%ABn-chu%E1%BA%A9n-b%E1%BB%8B-b%E1%BA%B1ng-ch%E1%BB%A9ng-khi-y%C3%AAu-c%E1%BA%A7u-Tr%E1%BA%A3-h%C3%A0ng%2F-Ho%C3%A0n-ti%E1%BB%81n?previousPage=search%20recommendation%20bar","2026-09-20","not-stated","4659","official-source","Shopee Help Center; buyer evidence requirements"
"return-refund-general-rules.md","shopee-return-refund-general-rules","[Trả hàng/Hoàn tiền] Những quy định chung về Trả hàng/Hoàn tiền của Shopee","buyer","return-refund-general-rules","vi","https://help.shopee.vn/portal/4/article/188931-%5BTr%E1%BA%A3-h%C3%A0ng%2FHo%C3%A0n-ti%E1%BB%81n%5D-Nh%E1%BB%AFng-quy-%C4%91%E1%BB%8Bnh-chung-v%E1%BB%81-Tr%E1%BA%A3-h%C3%A0ng%2FHo%C3%A0n-ti%E1%BB%81n-c%E1%BB%A7a-Shopee?previousPage=search%20recommendation%20bar","2026-09-20","not-stated","8061","official-source","Shopee Help Center; general return/refund rules"
"return-refund-policy.md","shopee-refund-time-check","[Trả hàng/Hoàn tiền] Thời gian nhận tiền hoàn và cách kiểm tra tiền hoàn","buyer","refund-timeline","vi","https://help.shopee.vn/portal/4/article/189473","2026-09-20","not-stated","5255","official-source","Shopee Help Center; refund channels and timing"
"return-refund-processing-workflow.md","shopee-return-refund-processing-workflow","[Trả hàng/Hoàn tiền] Quy trình Shopee xử lý yêu cầu Trả hàng/Hoàn tiền","buyer","return-refund-processing","vi","https://help.shopee.vn/portal/4/article/190242-%5BTr%E1%BA%A3-h%C3%A0ng%2F-Ho%C3%A0n-ti%E1%BB%81n%5D-Quy-tr%C3%ACnh-Shopee-x%E1%BB%AD-l%C3%BD-y%C3%AAu-c%E1%BA%A7u-Tr%E1%BA%A3-h%C3%A0ng%2F-Ho%C3%A0n-ti%E1%BB%81n?previousPage=search%20recommendation%20bar","2026-09-20","not-stated","6021","official-source","Shopee Help Center; processing workflow"
"return-refund-request-guide.md","shopee-return-refund-request-guide","[Trả hàng/Hoàn tiền] Hướng dẫn gửi yêu cầu Trả hàng/Hoàn tiền","buyer","return-refund-request","vi","https://help.shopee.vn/portal/4/article/79233-%5BTr%E1%BA%A3-h%C3%A0ng%2F-Ho%C3%A0n-ti%E1%BB%81n%5D-H%C6%B0%E1%BB%9Bng-d%E1%BA%ABn-g%C6%B0%CC%89i-y%C3%AAu-c%E1%BA%A7u-Tr%E1%BA%A3-h%C3%A0ng%2F-Ho%C3%A0n-ti%E1%BB%81n?previousPage=search%20recommendation%20bar","2026-09-20","not-stated","4240","official-source","Shopee Help Center; how to submit request"
"return-refund-status-tracking.md","shopee-return-refund-status-tracking","[Trả hàng/Hoàn tiền] Theo dõi tình trạng Trả hàng/Hoàn tiền trên Shopee","buyer","return-refund-tracking","vi","https://help.shopee.vn/portal/4/article/79298","2026-09-20","not-stated","2538","official-source","Shopee Help Center; request status tracking"
"return-shipping-methods-fees.md","shopee-return-shipping-methods-fees","[Trả hàng/Hoàn tiền] Các phương thức gửi hàng hoàn trả và phí hoàn trả","buyer","return-shipping-fees","vi","https://help.shopee.vn/portal/4/article/189477-%5BTr%E1%BA%A3-h%C3%A0ng%2F-Ho%C3%A0n-ti%E1%BB%81n%5D-C%C3%A1c-ph%C6%B0%C6%A1ng-th%E1%BB%A9c-g%E1%BB%ADi-h%C3%A0ng-ho%C3%A0n-tr%E1%BA%A3-v%C3%A0-ph%C3%AD-ho%C3%A0n-tr%E1%BA%A3?previousPage=search%20recommendation%20bar","2026-09-20","not-stated","7875","official-source","Shopee Help Center; return shipping and fee support"
"return-shipping-tracking.md","shopee-return-shipping-tracking","[Trả hàng/Hoàn tiền] Cách theo dõi tình trạng vận chuyển hàng hoàn trả","buyer","return-logistics","vi","https://help.shopee.vn/portal/4/article/189476-%5BTr%E1%BA%A3-h%C3%A0ng%2F-Ho%C3%A0n-ti%E1%BB%81n%5D-C%C3%A1ch-theo-d%C3%B5i-t%C3%ACnh-tr%E1%BA%A1ng-v%E1%BA%ADn-chuy%E1%BB%83n-h%C3%A0ng-ho%C3%A0n-tr%E1%BA%A3?previousPage=search%20recommendation%20bar","2026-09-20","not-stated","2741","official-source","Shopee Help Center; return shipment tracking"
"seller-warranty-policy.md","shopee-seller-return-warranty-policy-summary","Quy định trả hàng, hoàn tiền và bảo hành đối với Người bán trên Shopee","seller","seller-return-warranty-policy","vi","not-provided","2026-09-20","ai-generated-summary-not-official","5798","needs-official-source","AI-generated summary; do not use for scored benchmark until official source is added"
